,precision,recall,f1-score,support
executive,0.9811886901327178,0.9992947813822285,0.9901589704769115,8508.0
legislative,0.9957835558678847,0.8968354430379747,0.9437229437229436,1580.0
micro avg,0.9832474226804123,0.9832474226804123,0.9832474226804123,10088.0
macro avg,0.9884861230003013,0.9480651122101016,0.9669409570999276,10088.0
weighted avg,0.983474563235569,0.9832474226804123,0.9828860796887207,10088.0
samples avg,0.9832474226804123,0.9832474226804123,0.9832474226804123,10088.0
