,precision,recall,f1-score,support
Environmental,0.7525925925925926,0.9951028403525954,0.8570223534373682,1021.0
Social,0.8280410356619443,0.9918080748976009,0.9025559105431311,1709.0
Economic,0.9597855227882037,0.9979094076655052,0.9784762555517595,4305.0
micro avg,0.8900038104915534,0.9960199004975124,0.9400321974778642,7035.0
macro avg,0.8468063836809137,0.9949401076385672,0.9126848398440863,7035.0
weighted avg,0.8977108518246649,0.9960199004975124,0.9424062763508301,7035.0
samples avg,0.9502544277028813,0.9981991805445413,0.9537040708432462,7035.0
